,ll_perc_E,ll_perc_G,investment_solar,investment_wind,investment_storage_gas,investment_storage_liquid,investment_cost,operational_cost,operational_cost_1,operational_cost_2,operational_cost_3,operational_cost_4,operational_cost_5,operational_cost_6,operational_cost_7,operational_cost_8,operational_cost_9,ll_dual_E_1,ll_dual_E_2,ll_dual_E_3,ll_dual_E_4,ll_dual_E_5,ll_dual_E_6,ll_dual_E_7,ll_dual_E_8,ll_dual_E_9,ll_dual_G_1,ll_dual_G_2,ll_dual_G_3,ll_dual_G_4,ll_dual_G_5,ll_dual_G_6,ll_dual_G_7,ll_dual_G_8,ll_dual_G_9
0,maxLossLoadElectricity,maxLossLoadGas,1200000.0,234000000.0,0.0,15200000.0,250400000.0,6154183.800935104,105012.68400692049,4814.887248829999,1941097.0710443952,101679.7004611757,4665.702090907154,1911381.2900378238,108616.98035658633,4978.26325141876,1971937.222437046,-99.1567272313948,-5.7680587219195445,-240.06344363246018,-49.360288877955085,-0.37213282076900284,-46.46389231595994,-51.230975736220614,-1.1163984623070085,-15.48796410531998,-3.718377271177305,-0.21630220207198292,-9.002379136217257,-1.851010832923316,-0.013954980778837608,-1.7423959618484979,-1.9211615901082733,-0.04186494233651281,-0.5807986539494993
